id,OutDeg_RedConfltAgu,Indeg_RedConfltAgu,Degree_RedConfliAgu,Degree_RedeIrmonsPr,OutDeg_PaiTiopaterC,Indeg_PaiTiopaterC,OutDeg_TiosMaternos,Indeg_TiosMaternos,Degree_IntimAmigUnd,OutDeg_IntimAmigos_,Indeg_IntimAmigos_,OutDeg_RedeRisk_Cen,Indeg_RedeRisk_Cen,OutDeg_RedeConfianc,Indeg_RedeConfianc,Degree_RedeConflitA,Degree_RedeConflitG,OutDeg_VendaParcela,Indeg_VendaParcela,OutDeg_EmprestParce,Indeg_EmprestParce,PC1_Distance_Pro,PC2_Distance_Pro,Avg_Distancia_Dist_moranza,Degree_RedeTotFamil,1_VarExp_Moranca,2_VarExp_Atri_Tabanca,3_VarExp_Atri_Fanado,4_VarExp_Atri_CargosWM,5_VarExp_Atri_Idade,6_VarExp_Atri_ClassIdade,7_VarExp_Atri_IndForcaFugon,8_VarExp_Atri_IndInvestDiq,9_VarExp_Atri_IndMelhorTecnDiqCint,10_VarExp_Atri_MelhorTecnTubos,Area_bolanha
Aiace Quior,0,0,0,3,0,1,0,2,8,2,6,3,3,2,1,0,0,0,2,0,0,5929.470887710158,2174.830187504667,1112.275742469868,6,Atxugn,Ntchugal,0,0,53,2,1.0,3,3,0,2.3644
Alamada Bia,0,0,0,0,0,0,0,0,4,4,1,0,0,1,1,0,0,0,0,0,0,4359.965205007768,-4142.715950123915,1366.497946859901,0,Abicamba,Fanhi,0,0,37,2,1.0,1,0,0,0.5087
Alanghate Mfumba,0,0,0,0,0,0,0,2,3,2,2,0,0,3,0,0,0,0,0,0,0,5700.39036673119,-1739.380958677281,1153.302283274847,2,Ancanha,Bsoran,0,0,25,1,1.0,4,3,1,1.464
Albat Calabus,0,0,0,0,0,0,2,0,6,4,2,1,0,2,0,0,0,2,0,0,0,-1160.716384973668,-4268.250294550991,1729.745053818142,2,Antamba,Bsoran,1,0,48,2,2.0,4,3,0,1.5186
Americano Mbunde,0,0,0,2,0,0,3,0,1,1,1,0,0,2,0,0,0,0,1,0,0,-1254.279547401213,-4146.415472234607,2647.716570334609,5,Agueien ,Fanhi,0,0,30,1,1.0,2,1,0,0.25
Antonio Mbunh,1,1,1,0,0,0,0,0,5,2,5,2,0,1,3,0,0,0,0,4,0,3421.335739162395,6829.59651477506,1196.167220949687,0,Abicuntche ,Ntchugal,1,0,38,2,1.0,4,9,0,1.9217
Antonio Ndafa,1,1,1,0,4,0,0,0,5,2,3,2,1,1,0,0,1,0,0,0,0,691.4138233231489,-2742.822023579326,1476.515522928407,4,Acana,Fanhi,1,0,57,2,1.0,4,3,4,1.5891000000000002
Artur Buassa,0,0,0,1,0,0,0,0,1,1,0,1,2,1,0,0,0,1,0,0,1,-4573.530956363858,728.7477665734247,1203.155936483232,1,Apule,Ntchugal,0,1,65,3,0.5,1,0,1,1.0301
Augustino Siga,1,1,1,0,0,0,0,0,6,4,3,1,3,1,1,0,0,4,1,0,0,-2437.980294629219,-773.0638377549798,654.2671234087225,0,Atchongo,Ntchugal,0,0,50,2,1.0,4,0,0,2.8263000000000003
Augusto Sumba,0,0,0,2,0,0,0,0,8,4,4,1,2,1,2,0,0,0,2,2,0,755.8109509259119,3498.336831002853,3460.639955520783,2,Anghassa,Fanhi,1,0,49,2,1.0,3,3,0,1.2757
Baque Mbana,2,2,2,8,1,0,3,9,14,8,11,2,4,3,18,0,0,4,0,0,2,-1425.897409543945,-3022.190407271636,985.7899859157446,20,Abiyutcha,Ntchugal,0,1,44,2,4.5,5,27,103,4.35
Bedamatcha Ayatche,0,0,0,0,0,0,0,0,17,13,4,0,0,4,0,0,0,0,0,1,0,673.1379451863069,602.0334498093212,3060.351098141956,0,Anghassa,Fanhi,1,0,39,2,1.0,4,5,1,0.3036
Biaun Wangna,0,0,0,2,0,0,1,0,3,3,0,0,0,1,0,0,0,0,0,0,0,-5532.053590040334,94.63478502628001,3171.030440379555,3,Anete ,Fanhi,1,0,56,2,1.0,2,5,0,0.3319
Bicamtala Ntumba,0,0,0,2,0,0,2,2,3,2,1,4,3,0,0,0,0,0,1,1,0,-3428.359867177779,2432.524620020241,3733.6637877803,6,Agueien,Fanhi,1,0,65,3,1.0,4,2,4,1.3354
Bidanloa Pole,0,0,0,4,0,1,0,0,4,4,0,0,0,2,0,0,0,0,0,0,0,6693.819410407156,-3297.18325042177,937.7810179907763,5,Acana,Fanhi,0,0,31,1,1.0,3,0,0,0.1674
Bidansanta Iabna,0,0,0,0,0,0,0,0,7,7,0,3,5,2,2,0,0,1,0,0,0,2479.182524958873,1086.942739639434,2201.511110642399,0,Atchabu,Bsoran,0,0,39,2,1.0,4,0,0,2.5096
Bifule Winaba,0,0,0,7,0,0,2,0,1,0,1,0,0,1,1,0,0,3,0,0,1,5512.298238967895,9411.243138281132,1339.408662069534,9,Ancanha,Ntchugal,0,0,23,1,1.0,3,0,0,0.6513
Bigna Fonseca,0,0,0,1,1,1,0,0,4,1,3,5,3,1,5,0,0,0,1,1,0,2294.747480128243,5354.196827250591,1465.981345827424,3,Anguessa ,Ntchugal,0,0,34,1,1.0,5,10,2,2.4547999999999996
Bigna Man,0,0,0,1,1,0,0,0,10,4,8,1,2,2,4,0,0,0,3,2,0,-4094.440202534243,778.6932611490038,3471.633973068933,2,Anfad ,Fanhi,1,0,41,2,1.0,3,2,0,1.1252
Bingate Dafa,0,0,0,2,0,0,3,0,3,3,0,0,0,1,0,0,0,0,1,0,0,-1120.044135950774,1666.631617373647,3276.584382208654,5,Agueien,Fanhi,1,0,66,3,1.0,2,1,0,0.6284
Binhanarem Isnaba,0,0,0,1,0,0,0,0,7,6,1,0,0,2,0,0,0,0,0,1,0,1991.683908521703,1990.020388500711,2994.431654836063,1,Anfad,Fanhi,1,0,54,2,1.0,2,1,0,0.3811
Biomande Cabi,0,0,0,4,1,0,2,0,12,7,6,6,5,2,16,0,0,0,2,1,0,-1096.978104296265,-2013.369139691445,867.1867793075189,7,Abrama,Ntchugal,0,1,45,2,2.0,5,31,21,5.1248000000000005
Biomande Widafa,1,1,1,0,0,0,0,0,10,4,6,2,1,1,2,0,0,1,0,0,0,-1224.85883795987,51.52005776565965,1422.960309565313,0,Ambana1,Ntchugal,0,0,27,1,3.0,2,4,0,1.9903
Bique Bedamite,3,4,4,1,0,0,0,0,4,2,3,4,2,1,3,1,1,7,0,0,4,-3613.40044917148,-654.459126221111,946.546267847984,1,Apule,Ntchugal,0,1,46,2,1.0,4,13,0,3.7815
Birabotcha Togna,0,0,0,0,0,0,0,0,9,1,8,0,1,2,1,0,0,0,1,0,0,5185.749224939929,-2203.768379592053,1320.227258410587,0,Abianhi,Fanhi,0,1,31,1,2.0,3,1,6,1.2076
Bitchapate Ndami,0,0,0,1,0,0,0,0,3,3,0,3,1,4,0,0,0,0,0,0,0,-3253.34180452737,-528.3154258479447,1465.255928955536,1,Andancobe,Ntchugal,0,0,60,2,1.0,1,0,0,1.524
Bitique Biem,0,0,0,1,1,1,0,0,10,2,9,3,0,1,0,0,0,0,3,0,0,-4902.751625353279,669.5954649460101,1316.194970171239,3,Anguessa,Ntchugal,1,1,45,2,3.0,5,8,2,3.4868
Bringpande Bidane,0,0,0,0,3,0,1,0,4,1,3,3,4,1,1,0,1,5,0,0,0,-2149.658386347227,2316.722784583181,1502.600324407954,4,Anha,Ntchugal,1,0,75,3,1.5,2,1,0,1.8694000000000002
Buan Castigo,0,0,0,0,0,4,1,0,1,1,1,2,3,4,0,0,0,1,0,0,0,2.736658984815739,-958.2211954738673,826.6804652638878,5,Abrama,Ntchugal,0,0,19,1,1.0,2,0,0,1.3784
Buba Isnaba,0,0,0,0,0,1,0,0,4,1,3,0,0,0,0,0,0,0,2,0,0,410.6075879137207,-3076.780093331607,2428.829138427543,1,Acia,Fanhi,0,0,33,1,1.0,2,1,0,0.6872
Bulna Ntumba,0,0,0,0,4,0,0,0,1,1,0,4,1,1,0,0,1,1,0,0,1,4831.628297965053,8395.248286559301,1197.004693434762,4,Abicuntche ,Ntchugal,1,0,66,3,2.0,4,0,0,1.8387000000000002
Bunhna Iamta,1,1,1,8,1,0,0,0,2,2,2,0,0,3,1,0,0,0,0,0,0,-1064.690652604479,-2762.917109917278,1072.69807659729,9,Abiyutcha ,Ntchugal,1,0,58,2,0.5,2,0,0,2.5262000000000002
Cabi Buntcha,0,0,0,3,0,0,0,0,9,5,6,8,2,2,1,0,0,0,2,0,3,-4247.982126218358,202.2250821571991,1903.572961039117,3,Atxugn,Ntchugal,0,0,38,2,1.0,1,0,0,2.2764
Cabi Sana,0,0,0,8,1,0,3,2,6,4,4,1,2,8,3,0,0,0,0,0,1,-4717.848961164514,-598.2823561282243,1636.585235849605,14,Abiyutcha,Ntchugal,0,0,35,1,2.0,1,4,0,2.2589
Calabus Quintunda,1,1,1,1,0,0,0,0,12,10,3,0,0,3,0,0,0,0,0,1,0,-666.0359701098937,-4633.880369914501,1473.795949255549,1,Abiguida,Fanhi,1,0,50,2,1.0,2,0,0,0.5221
Carton Sana,1,1,1,8,1,0,3,0,4,1,4,2,1,4,12,0,0,0,1,0,0,-2728.888658135013,-1366.051986961599,1371.743789757458,12,Abiyutcha,Ntchugal,0,1,49,2,1.0,5,40,28,1.8369
Catcha Tus,0,0,0,4,0,1,0,0,3,3,0,0,0,1,1,0,0,0,1,0,0,-3089.93742767746,-2315.617370888754,2317.726202550439,5,Abiiste,Fanhi,0,0,30,1,1.0,4,3,0,0.9724
Catchna Man,1,1,1,3,0,1,1,0,3,2,1,6,7,4,1,0,0,1,1,0,0,-3126.028271277689,896.8923295733872,1573.904996362227,5,Anha ,Ntchugal,0,0,35,1,1.0,2,0,0,2.4620999999999995
Clautche Ndami,1,1,1,8,3,0,3,0,4,1,3,3,6,2,5,0,0,0,0,1,0,-3008.807002864713,924.1653989458613,1227.556250269473,14,Abiyutcha,Ntchugal,1,0,63,2,2.0,5,15,0,2.3327999999999998
Cletche Togna,0,0,0,2,1,0,0,0,5,1,4,0,0,1,0,0,0,0,1,0,0,-2881.246116302716,-1647.361114287701,2727.270134977165,3,Anete ,Fanhi,0,0,49,2,1.0,3,0,0,0.5224
Clode Clingue,0,0,0,0,2,0,0,0,10,4,6,2,5,1,1,0,0,2,1,0,2,-2703.524467725282,1535.895456797139,1204.383621524414,2,Adentxe,Ntchugal,1,0,63,2,1.0,5,4,0,3.5090000000000003
Cobna Bimagle,1,1,1,1,1,0,0,0,2,1,1,0,0,3,0,0,0,0,1,0,0,-5350.814744528111,1614.150943655166,3712.9742711131,2,Acia,Fanhi,0,0,40,2,1.0,2,0,0,0.6512
Coitade Cunhate,0,0,0,2,0,0,0,0,0,0,0,0,0,1,0,0,0,0,0,0,0,11643.96571213456,-1641.247114639219,611.4398071523993,2,Abliba,Bsoran,0,0,20,1,1.0,3,2,0,0.7598
Cote Cabi,0,0,0,0,5,0,0,0,3,1,2,0,0,1,2,0,0,0,1,0,0,6057.167566447436,-4231.770970818591,1219.26622369737,5,Abiiste,Fanhi,1,0,32,1,1.0,4,3,0,0.2861
Cul Tchongo,0,0,0,4,0,0,0,0,0,0,0,0,0,4,0,0,0,0,0,0,4,-777.851766291146,1700.672597572255,1161.065054248681,4,AtchamNa,Ntchugal,0,0,48,2,0.5,1,0,0,2.1229
Cumsa Cabi,5,5,5,4,0,0,2,0,15,10,6,2,0,1,5,0,0,0,0,0,0,-3051.274764970911,-1773.381611229788,1081.632257043506,6,Abrama,Ntchugal,0,0,46,2,1.0,5,3,0,3.4553999999999996
Cumsana Yala,0,0,0,4,1,0,1,0,2,1,2,0,0,2,0,0,1,4,0,1,1,-2015.930516877035,-2158.149006405904,489.5119342898846,6,Abrama,Ntchugal,0,0,50,2,1.0,1,0,0,1.1061999999999999
Dan Bissotche,1,1,1,1,1,0,0,0,13,5,12,8,6,3,6,0,0,2,0,0,2,-2301.55854501821,1176.474306907389,1498.558371826916,2,Antote,Ntchugal,0,0,40,2,1.0,5,20,1,4.7778
Dan Natelna,0,0,0,0,0,1,1,8,5,2,4,0,0,2,4,0,0,0,1,0,1,3581.875310069548,7196.298883163091,1142.919668903317,9,Ancanha ,Ntchugal,1,0,36,2,1.0,1,0,0,0.9329
Detna Togna,0,0,0,2,1,0,0,1,3,2,1,5,5,1,2,0,0,0,4,1,0,-710.1645089357625,869.2769893703679,2961.401411363705,4,Anete,Fanhi,1,0,75,3,0.5,4,3,1,3.3012
Dingna Quior,0,0,0,3,1,0,0,0,8,3,6,1,0,1,0,0,0,1,2,0,0,-1426.30295064685,-1116.192865893844,1500.791413750432,4,Atxugn,Ntchugal,0,0,59,2,2.0,1,0,0,2.2837000000000005
Djilnan Tchuda,0,0,0,0,0,0,0,1,7,4,6,7,3,3,5,0,0,1,3,1,1,-3774.873154304962,376.5086647825356,1146.709679329691,1,Akbale,Ntchugal,1,0,49,2,1.0,2,5,0,5.2338000000000005
Djon Nhanque,0,0,0,1,0,0,0,0,5,2,3,0,0,1,0,0,0,1,0,0,0,12648.14065723243,-521.802622853452,388.8524086065213,1,Apalna,Bsoran,0,0,36,2,1.0,2,3,0,1.5525
Djone Bidagle,0,0,0,1,1,0,1,3,9,1,9,0,0,1,3,0,0,0,0,0,0,1371.418240578162,3240.849325018408,1203.113998700212,6,Anfanco,Ntchugal,0,0,56,2,1.0,3,4,0,2.4902
Domingos Ndami,1,1,1,8,1,1,3,1,5,3,3,2,0,0,2,0,1,0,2,0,0,-3684.968575079723,-889.7004393009421,1380.918422239905,14,Abiyutcha ,Ntchugal,0,0,32,1,1.0,4,10,0,4.2059
Domingos Sincar,0,0,0,0,0,0,0,0,5,4,2,0,4,1,6,0,0,1,0,0,0,3752.373483045159,-4506.09908060545,870.5487981796455,0,Andam,Fanhi,1,0,62,2,1.0,5,0,4,1.9377
Elle Nhasse,0,0,0,1,0,0,1,5,6,5,2,3,0,6,2,0,0,0,1,0,0,-2418.898401237729,4059.499850124127,2014.04284535138,7,Ambana2,Ntchugal,0,1,42,2,1.0,5,8,14,0.5374
Eusebio Ncanha,1,1,1,1,0,1,0,0,8,1,8,2,0,1,0,0,0,1,0,0,0,-3281.053704649506,1034.044483797901,1277.638871669275,2,Adentxe,Ntchugal,1,1,59,2,1.0,4,3,8,1.6598
Faifai Binate,1,1,1,7,0,0,2,0,8,5,4,0,0,4,2,0,0,4,0,0,0,-2795.953851991275,1896.256215768408,1484.890308405413,9,Ancanha ,Ntchugal,0,0,36,2,1.0,1,1,0,0.8472999999999999
Fernando Cabi,0,0,0,3,0,1,0,0,2,2,0,0,0,0,0,0,0,0,0,0,0,3091.460377627976,-4686.09416982222,807.5916838339182,4,Aceta,Fanhi,0,0,31,1,1.0,4,2,0,0.3172
Fogna Siga,1,1,0,0,0,0,0,1,13,11,2,0,0,2,1,1,1,1,1,0,1,-2510.66655598036,-3327.665349830718,1885.720420755637,1,Ambana,Fanhi,1,0,35,1,3.0,2,2,4,0.4545
Fonseca Biem,0,0,0,0,2,0,0,1,6,1,6,12,8,1,4,0,0,0,2,1,0,353.9049083111498,3342.892285945579,1466.774427681636,3,Anguessa ,Ntchugal,1,0,60,2,4.0,4,7,0,8.419599999999999
Futana Cabi,0,0,0,4,1,0,2,0,5,2,5,2,3,1,6,0,0,2,1,0,0,-1379.089792629741,-1968.896189684618,783.5781321512351,7,Abrama ,Ntchugal,1,1,48,2,1.5,4,7,3,7.4756
Glite Cul,0,0,0,0,0,0,0,0,6,5,4,2,3,1,3,0,0,0,0,1,0,3598.90596840282,7566.924804427392,1538.128305824491,0,Antote,Ntchugal,1,0,52,2,1.0,2,0,1,0.6905
Inma Cabi,0,0,0,4,0,1,0,0,2,2,1,0,0,2,0,0,1,0,4,1,0,-3415.985818657333,-1512.587175172785,2448.605218327213,5,Abiiste,Fanhi,1,0,44,2,1.0,2,0,0,1.5547999999999997
Lagna Mutna,1,1,1,1,1,0,1,1,9,7,4,4,1,3,0,0,0,1,5,1,0,-2118.343386755904,682.7091951945038,1597.757979597102,4,Anfanco ,Ntchugal,0,1,25,1,2.5,3,0,1,8.5739
Latna Tus,0,0,0,4,0,1,0,0,5,2,4,6,3,2,4,0,0,0,3,1,0,-2314.125986451113,-2081.576848123605,2312.071486248008,5,Abiiste,Fanhi,1,0,59,2,1.0,4,2,0,1.9266999999999999
Lifna Midana,0,0,0,0,0,0,0,1,2,2,0,0,0,1,0,0,0,0,1,0,0,2977.601983567986,-4474.040393237304,2113.238306990148,1,Acatchu,Fanhi,1,0,65,3,1.0,3,0,0,0.669
Lona Busna,1,1,0,7,0,0,2,0,3,1,3,0,2,3,2,1,1,1,0,0,0,-4176.184203798633,-1555.626073981364,1567.508853518365,9,Ancanha,Ntchugal,0,1,58,2,3.5,5,10,3,3.7309
Marate Isnaba,0,0,0,0,0,0,0,0,6,4,2,2,2,2,0,0,0,0,1,1,0,-1884.45992303993,1925.230213490754,3026.196680095391,0,Abidamate ,Fanhi,0,0,55,2,1.0,3,1,0,1.1486999999999998
Marate Man,1,1,1,3,0,1,0,0,8,5,8,0,0,1,2,0,1,6,0,0,1,83.23921453688038,-2119.683827828408,714.4104585056909,4,Anghasse,Ntchugal,0,0,49,2,1.0,1,8,1,2.8954
Martinho Nhasse,0,0,0,1,0,0,1,0,5,1,5,0,0,2,1,0,0,1,2,0,0,-625.4685604309193,4989.245909432052,1858.409869874982,2,Ambana2,Ntchugal,0,0,49,2,2.0,4,12,0,0.6253
Matchna Sambu,0,0,0,1,0,0,0,0,6,4,2,4,9,1,0,0,0,0,3,0,0,1694.573064982424,1091.894957162007,2712.742809830905,1,Acia,Fanhi,0,0,32,1,1.0,2,1,0,1.5344
Mbunde Calabus,0,0,0,0,1,0,2,0,6,2,6,0,0,2,3,0,0,0,0,0,0,10746.05209100755,-1694.551685344749,444.6980819119976,3,Ancanha ,Bsoran,0,1,47,2,1.0,4,4,7,0.8397
Midana Fidaiba,0,0,0,1,0,0,0,0,2,1,1,0,0,2,0,0,0,2,0,0,0,-5270.362461355153,265.9406015332615,2244.54202459947,1,Haba,Bsoran,0,0,35,1,0.5,2,0,0,0.5036
Midana Lede,0,0,0,0,0,1,2,0,7,5,3,1,1,1,1,0,0,0,0,0,0,146.1170686730433,-2516.137048788884,1825.00822823104,3,Ambana,Fanhi,1,0,38,2,1.0,3,0,0,1.1417000000000002
Natal Mbunh,0,0,0,0,0,1,3,0,13,9,4,0,2,4,5,0,0,0,0,0,0,3943.427576866201,-1649.26250595463,1163.236610426882,4,Ancanha,Bsoran,0,0,50,2,1.5,5,11,3,2.2800000000000002
Ncahota Nghala,0,0,0,0,0,0,0,3,6,6,0,0,0,1,0,0,0,0,0,1,0,-4724.849474482951,-18.99481804109344,1897.694932583843,3,Anfanco ,Ntchugal,0,0,28,1,2.0,1,0,0,1.9176
Ncassumba Filif,0,0,0,1,0,0,1,8,2,1,1,0,0,1,0,0,0,1,0,0,0,-751.2302718774336,-3628.079795109532,1648.542229162945,10,Abihera ,Bsoran,0,0,30,1,1.0,3,0,0,0.6207
Ncussande Ndjana,0,0,0,1,1,0,0,0,5,1,4,4,9,2,2,0,0,0,2,0,1,28.04829287347764,1023.413417304649,1384.016898268851,2,Antote,Ntchugal,1,0,72,3,2.0,5,3,0,5.5523
Nfensande Sumba,0,0,0,2,0,0,0,0,4,2,2,0,0,1,1,0,0,0,0,1,0,966.1731925122874,856.7242481586628,3068.550714140948,2,Anghassa,Fanhi,1,0,53,2,2.0,2,1,0,0.1771
Nfoi Yala,0,0,0,0,0,0,2,0,6,5,1,0,0,1,0,0,0,0,1,0,0,4475.480845645523,3550.255463939461,2804.051343462729,2,Ampad,Fanhi,1,0,45,2,1.0,2,0,0,0.2673
Nghala Detna,0,0,0,0,0,2,0,0,0,0,0,3,4,2,0,0,0,0,0,0,0,-1703.243070285637,-4160.731390975983,2205.533614606812,2,Anete,Fanhi,1,0,73,3,0.5,2,5,0,0.4726
Nghala Diuai,0,0,0,7,0,0,2,0,3,3,0,0,0,3,1,0,0,1,1,0,0,4758.129539879033,6472.210051594856,865.3724386257152,9,Ancanha ,Ntchugal,0,0,40,2,1.0,1,1,0,0.9944000000000001
Nghala Pungana,0,0,0,4,0,1,0,0,3,2,2,2,2,1,1,0,0,0,1,0,0,5504.010082076237,8284.92872385932,1109.258987234783,5,Abicuntche ,Ntchugal,1,0,57,2,1.0,2,1,0,1.6564
Nghotmara Filif,0,0,0,1,0,0,1,8,4,1,4,0,0,2,0,0,0,0,0,0,0,-4585.661423379815,-2256.396640322742,2232.42116938945,10,Abihera,Bsoran,0,0,42,2,2.0,4,4,4,0.4227
Nharefon Diuai,0,0,0,7,0,0,2,13,5,3,2,2,2,2,2,0,0,0,0,0,0,918.2389806125149,5872.535189594834,1499.814594979879,21,Ancanha,Ntchugal,0,0,31,1,1.0,2,5,1,0.9641
Nhudna Pansau,1,1,1,0,0,2,1,0,3,2,2,2,1,2,1,0,0,0,2,0,2,-1316.813456973687,1843.740961891495,1655.344870528116,3,Anfanco ,Ntchugal,0,0,25,1,1.0,1,0,0,6.4688
Nquissande Siuna,0,0,0,1,0,0,0,0,7,3,4,0,0,1,0,0,0,0,0,0,1,9234.52042309555,-2685.205134928574,1546.329867449437,1,Aguadma,Fanhi,1,0,32,1,1.0,1,0,0,3.6463
Nsimba Womba,0,0,0,7,1,0,2,0,5,3,4,1,1,2,2,0,0,1,1,0,0,-1299.350972696161,-549.393299041148,1135.157144114628,9,Ancanha,Ntchugal,0,0,38,2,0.5,3,9,1,1.5633
Nsumba Ance,0,0,0,0,0,0,0,0,4,4,0,0,0,1,0,0,0,0,1,0,0,10281.69461308856,-2152.277731751029,1726.208071776089,0,Anghassa,Fanhi,1,0,35,1,1.0,3,0,0,0.7046
Ntrum Ncanha,0,0,0,1,0,0,0,0,12,8,5,0,0,1,2,0,0,3,0,0,0,-1291.316065970598,-1206.233170207352,430.4083866335059,1,Anfanha2,Ntchugal,0,0,50,2,2.0,1,8,1,1.0734
Pangueia Tus,0,0,0,4,0,1,0,0,9,5,5,1,1,2,1,0,1,0,5,1,0,-3689.831652043985,-177.0922313638483,2673.721076942656,5,Abiiste,Fanhi,0,0,38,2,2.0,4,9,0,2.3679
Pansau Wid,0,0,0,7,0,0,2,0,4,3,2,0,0,2,0,0,0,1,0,0,0,5591.18194603462,5321.818982260995,627.2197495160646,9,Ancanha ,Ntchugal,0,0,42,2,1.0,2,1,0,1.3449
Pasnafaie Quintente,0,0,0,0,0,0,0,0,11,1,11,2,5,3,4,0,0,1,0,0,1,1408.3573639813,5287.887583159631,1386.848819561075,0,AbicuntcheNtunh,Ntchugal,0,0,32,1,1.0,3,4,0,1.9649999999999999
Pedro Bifa,0,0,0,0,0,0,0,0,9,7,3,0,0,3,0,0,0,3,0,0,0,-2519.063867909256,1.016804056787502,896.1416827600822,0,Alaba,Ntchugal,0,0,40,2,1.0,3,3,0,1.7133
Purna Ndari,0,0,0,0,0,9,0,0,12,10,3,3,0,2,1,0,0,0,2,1,0,-1849.128522602885,248.9692077054476,1175.458956616626,9,Abiyutcha,Ntchugal,0,0,37,2,2.0,2,1,0,2.0071
Quedesel Besna,0,0,0,4,0,1,0,0,3,3,0,0,0,3,0,0,0,0,0,0,0,5160.165075319795,-4129.696011104381,1361.316485585042,5,Abiiste,Fanhi,0,0,36,2,1.0,3,0,0,0.8624
Quessana Tuna,0,0,0,8,1,0,3,0,4,2,2,2,3,1,7,0,0,0,0,2,0,-3369.335036501906,-250.4545163553431,1385.766428968712,12,Abiyutcha,Ntchugal,0,1,38,2,2.0,5,19,68,4.0748999999999995
Quifuc Pan,0,0,0,1,0,0,0,0,3,2,1,0,1,1,0,0,0,0,0,0,0,4879.953588583505,-3537.127362365751,1172.943987292635,1,Apalna,Bsoran,1,1,63,2,2.0,3,2,1,1.3852
Quimor Blama,0,0,0,3,0,0,0,4,10,3,7,2,3,5,1,0,0,0,0,0,0,-1088.684901615859,3112.488526745454,1520.093403152425,7,Anha ,Ntchugal,0,0,38,2,1.0,5,7,3,3.6246
Quintino Pole,0,0,0,4,0,1,0,0,4,2,2,0,0,1,1,0,0,0,2,0,0,-3100.863847055832,-3475.987606964188,1665.739798930112,5,Acana ,Fanhi,1,0,45,2,2.0,2,0,0,1.2264
Quissifqueia Mbana,2,2,2,3,0,1,1,3,2,2,0,1,0,1,2,1,1,0,0,0,0,-1071.499546453813,-2026.826309088597,831.1065748428387,8,Anha,Ntchugal,0,0,37,2,1.0,1,0,0,0.7392
Quitirna Tanghbat,0,0,0,0,0,0,1,0,5,5,0,0,0,1,0,0,0,0,0,0,0,10948.52314046188,-1835.427667662014,736.6983447461131,1,Ayidna,Bsoran,0,0,36,2,1.0,2,0,0,0.3693
Rufna Cabi,0,0,0,2,0,0,0,0,3,0,3,0,0,2,2,0,0,0,1,1,0,122.2923219649961,-2352.822006984733,2785.508626475304,2,Anghassa,Fanhi,0,0,46,2,2.0,3,2,1,0.9873
Rufna Mbum,0,0,0,0,0,0,0,1,7,4,4,0,0,1,4,0,0,2,0,0,0,1779.289131493027,-2982.987431523311,1467.077866950946,1,Cudom,Fanhi,1,0,66,3,1.0,5,2,0,1.7153999999999998
Rungna Yala,2,1,2,1,0,0,0,0,5,5,0,0,0,2,0,0,0,2,0,0,0,-4904.356488793984,-976.8066741642268,2124.728770785538,1,Haba,Bsoran,0,0,37,2,1.0,2,0,0,0.6916
Samba Ndum,0,0,0,4,0,1,0,0,9,8,1,5,0,4,4,0,0,0,0,1,0,1408.571633415937,4952.989707823405,1318.835021174826,5,Abicuntche ,Ntchugal,0,0,52,2,1.0,5,5,0,2.6717
Sana Abna,0,0,0,3,0,0,0,0,6,5,4,3,7,1,3,0,0,0,1,0,0,924.3246243087999,1036.781446836844,1364.20223948519,3,Atxugn,Ntchugal,0,0,33,1,1.0,1,1,0,2.9517
Sana Sanualte,0,0,0,1,0,1,0,0,10,2,10,6,1,2,3,0,0,2,1,0,0,-2010.985474993013,-517.8241037978811,869.1529749694315,2,Adentxe,Ntchugal,0,0,50,2,1.0,2,12,2,2.9117
Sanemada Dabana,0,0,0,0,0,2,0,0,3,3,0,6,0,1,1,0,0,1,0,0,1,-2876.129702282298,2435.836097329671,1681.176992793552,2,Anguessa ,Ntchugal,0,0,23,1,1.0,2,0,0,1.9289
Sangueia Blaque,0,0,0,0,0,0,0,3,8,4,4,4,3,2,0,0,0,1,0,0,0,3331.709033466122,4211.263893592076,1250.929605436201,3,Andame,Ntchugal,0,0,25,1,4.0,1,2,0,3.859
Sanha Quiante,0,0,0,1,0,0,0,0,4,2,2,0,0,1,0,0,0,0,0,0,0,5792.862825922743,-3974.282824616536,1660.584516596088,1,Aguadma,Fanhi,1,0,65,3,1.0,2,0,0,2.2872000000000003
Sautna Binate,1,1,1,7,0,0,2,0,2,2,0,0,0,3,1,0,1,1,1,0,0,-4666.761727649036,-2312.252605979271,1541.330114511464,9,Ancanha ,Ntchugal,0,0,25,1,1.0,1,0,0,0.877
Sumbique Wangna,0,0,0,4,1,0,2,0,11,5,6,3,1,2,2,0,0,5,0,1,1,-1734.811062220842,-2451.107929373494,736.7237421558465,7,Abrama,Ntchugal,1,0,55,2,1.5,2,2,0,3.2677
Tamba Binanguia,0,0,0,1,0,0,0,0,7,1,6,3,17,3,6,0,0,2,0,0,1,-1364.465650481999,-1325.840686625218,725.8179697953329,1,Anfanha1,Ntchugal,1,0,57,2,3.5,5,33,3,6.4956
Tamba Ndami,0,0,0,8,1,1,3,1,8,6,7,1,6,2,8,0,1,0,2,0,0,-3526.23476447754,385.4292504553281,1494.423608378294,14,Abiyutcha ,Ntchugal,0,1,39,2,1.0,5,18,2,4.165
Tamble Cunhate,0,0,0,2,0,0,0,0,7,4,3,0,0,1,2,0,0,0,0,0,0,11089.58501690105,-1942.696171081949,571.9220495329381,2,Abliba,Bsoran,0,0,36,2,1.0,5,1,0,0.8397
Tibna Maiaco,0,0,0,3,0,1,1,0,2,1,2,2,0,3,1,0,0,1,0,0,0,3523.502728921089,-3713.498065071836,879.7435664401316,5,Anha,Ntchugal,0,0,36,2,1.0,1,0,0,0.9997
Timbonde Ndjana,0,0,0,0,0,2,0,0,3,3,0,0,0,3,1,0,0,0,0,1,0,1984.848979293467,2861.13002965342,1198.57180140509,2,Antote,Ntchugal,0,0,32,1,2.0,2,0,0,1.5541
Tomas Isnaba,0,0,0,4,0,1,0,0,8,3,5,6,2,3,6,0,0,0,1,0,0,-659.695967387006,3945.050502174296,1647.810168797444,5,Abicuntche ,Ntchugal,0,0,50,2,1.0,5,19,2,2.2281
Tubana Sana,0,0,0,8,1,0,3,0,9,3,8,5,10,2,2,0,0,1,0,3,0,-992.0580709999589,1394.949250449744,1245.719318789751,12,Abiyutcha,Ntchugal,0,0,52,2,1.0,5,2,0,2.0427999999999997
Tugna Quintunda,0,0,0,1,0,0,0,1,2,1,1,0,3,1,0,0,0,0,1,0,0,6379.498686567213,-3235.27607851078,977.5972367177843,2,Abiguida,Fanhi,1,0,57,2,1.0,3,2,0,0.2366
Umberto Wilwo,0,0,0,0,0,0,1,0,4,2,2,6,1,2,0,0,0,0,4,0,0,-218.7560659039285,-1619.479097076449,2770.236568278779,1,Acatchu,Fanhi,0,0,36,2,1.0,3,1,0,1.6048
Vieira Bedugle,3,3,3,0,0,0,0,0,9,4,7,8,7,1,5,0,0,0,0,0,0,-3765.55995829306,393.9093939484345,1852.384848335603,0,Athua,Ntchugal,1,0,52,2,2.0,4,16,1,4.7238
Viriato Quintunda,0,0,0,4,0,1,0,0,12,5,8,2,9,2,1,0,0,2,4,0,2,-2366.792765438533,1480.513574274888,1663.331914071085,5,Abicuntche ,Ntchugal,1,0,51,2,3.0,2,7,0,5.3823
Wangna Ntchoba,0,0,0,0,0,0,1,0,3,2,2,2,4,1,0,0,0,1,0,0,0,-2967.322411257956,-98.38521898526716,952.3332555706669,1,Akbale,Ntchugal,1,0,78,3,2.0,1,1,0,2.9833
Wilndan Tchuda,0,0,0,0,0,0,0,0,4,4,0,0,2,1,2,0,0,4,0,0,1,-3026.500603721091,-2478.168946363572,1355.904548745211,0,Anha,Ntchugal,1,0,52,2,1.0,4,3,0,1.3262
Winaba Ndongle,0,0,0,1,0,0,0,0,9,1,9,2,1,2,3,0,0,1,0,0,0,-1400.503568335543,-1510.403635090251,1426.038456452873,1,Andancobe,Ntchugal,1,0,60,2,4.0,3,7,1,2.035
